Name,Description
Purple Reign,"Vodka, Blue Curacao, Cranberry Juice, Pineapple Syrup" 
Golden Roses,"Tequila, Cranberry/Lemon/LimeJuice, Simple Syrup, and Margarita Mix"
Embers Embrace,"Jalepeño Infused Tequila, Cranberry/Lemon/Limne Juice, Simple Syrup, and Margarita Mix"
Flat Car,"Gin, Elderflower Syrup, Lemon Juice, Egg White"
Rum Punch,"Rum, Cinnamon, Brown Syrup, Lime Juice, Bitters"
Gondola,"Gin, Basil/Cucumber Simple Syrup, Lemon/Lime Juice, Soda Water"
Box Car,"Rye Whiskey, Ginger Syrup, Bitters, Lime Juice"
Holy Smokes,"Bourban, Luxardo Cherry, Maple Syrup, Orange Bitters"
Pineapple Smashcar,"Pineapple Infused Gin, Pineapple Syrup and Puree, Rosemary, Coconut Water"
Blackberry Mojito,"Smoked Blackberries, Rum, Lemon Juice, Sugar, Mint, Soda Water"
Kick in the Peach,"Smoked Peach Puree, Jalepeño Infused Tequila, Peach Ginger Beer"